{
	"name":"index.html",
	"version":"1.0.0",
	"loadDependencies":[
		{
			"id":"Desktop_Core",
			"version":"1.0.0",
			"type":"core"
		},
		{
			"id":"Widget/button",
			"type":"widget"
		},
		{
			"id":"Widget/buttonImage",
			"type":"widget"
		},
		{
			"id":"Widget/icon",
			"type":"widget"
		},
		{
			"id":"Widget/textField",
			"type":"widget"
		},
		{
			"id":"Widget/label",
			"type":"widget"
		},
		{
			"id":"Widget/richText",
			"type":"widget"
		},
		{"id":"Widget/container","type":"widget"},
		{"id":"default","type":"theme"},
		{"id":"login.waPage/styles/index.css","path":"WEBFOLDER","type":"style"},
		{"id":"login.waPage/scripts/index.js","path":"WEBFOLDER","type":"script"},
		{"id":"scripts/utils.js","path":"WEBFOLDER","type":"script"}
	]}