﻿{"name":"WidgetTester/index.waPage/index.html","version":"1.0.0","loadDependencies":[{"id":"Desktop_Core","version":"1.0.0","type":"core"},{"id":"Widget/container","type":"widget"},{"id":"Widget/textField","type":"widget"},{"id":"Widget/label","type":"widget"},{"id":"Widget/button","type":"widget"},{"id":"Widget/richText","type":"widget"},{"id":"Widget/radioGroup","type":"widget"},{"id":"Widget/checkbox","type":"widget"},{"id":"default","type":"theme"},{"id":"widgets/index.waPage/styles/index.css","path":"WEBFOLDER","type":"style"},{"id":"application.css","path":"WEBFOLDER","type":"style"},{"id":"widgets/index.waPage/scripts/index.js","path":"WEBFOLDER","type":"script"}]}