{
	"name":"index.html",
	"version":"1.0.0",
	"loadDependencies":[
		{"id":"Desktop_Core","version":"1.0.0","type":"core"},
		{"id":"Widget/dataGrid","type":"widget"},
		{"id":"Widget/autoForm","type":"widget"},
		{"id":"Widget/buttonImage","type":"widget"},
		{"id":"Widget/login","type":"widget"},
		{"id":"Widget/tabView","type":"widget"},
		{"id":"Widget/label","type":"widget"},
		{"id":"Widget/container","type":"widget"},
		{"id":"default","type":"theme"},
		{"id":"dataBrowser/styles/index.css", "path":"WALIB", "type":"style"},
		{"id":"dataBrowser/styles/index-custom.css", "path":"WALIB", "type":"style"},
		{"id":"dataBrowser/scripts/index.js", "path":"WALIB", "type":"script"}
]}