﻿{"name":"index.html","version":"1.0.0","loadDependencies":[{"id":"Desktop_Core","version":"1.0.0","type":"core"},{"id":"Widget/button","type":"widget"},{"id":"Widget/buttonImage","type":"widget"},{"id":"Widget/frame","type":"widget"},{"id":"Widget/icon","type":"widget"},{"id":"Widget/label","type":"widget"},{"id":"Widget/richText","type":"widget"},{"id":"Widget/combobox","type":"widget"},{"id":"Widget/container","type":"widget"},{"id":"Widget/matrix","type":"widget"},{"id":"Widget/image","type":"widget"},{"id":"Widget/progressBar","type":"widget"},{"id":"default","type":"theme"},
{"id":"styles/index.css","path":"WEBFOLDER","type":"style"},
{"id":"application.css","path":"WEBFOLDER","type":"style"},
{"id":"scripts/index.js","path":"WEBFOLDER","type":"script"},
{"id":"scripts/admin.js","path":"WEBFOLDER","type":"script"},
{"id":"scripts/studio.js","path":"WEBFOLDER","type":"script"},
{"id":"scripts/view.js","path":"WEBFOLDER","type":"script"},
{"id":"scripts/utils.js","path":"WEBFOLDER","type":"script"}
]}